policy,seed,oracle_coverage,n_oracle,n_eval,alpha,mean,mean_se,mean_ci_lo,mean_ci_hi,oracle_truth,cvar,cvar_ci_lo,cvar_ci_hi,cvar_t_hat,cvar_empirical_truth,audit_p_value,audit_reject,n_bootstrap_failures
clone,0,0.25,1247,5000,0.01,0.7647887348304252,0.002343023479920213,0.7582834587582372,0.7712940109026132,0.7619779999999999,0.07185742838594933,0.047539251430073,0.09115542750984049,0.10306799999999994,0.072,0.8740236390832379,false,0
clone,0,0.25,1247,5000,0.05,0.7647887348304252,0.002343023479920213,0.7582834587582372,0.7712940109026132,0.7619779999999999,0.17608675340419164,0.15145268140287868,0.20877706875834579,0.2886666666666666,0.16924603174603173,0.7992917423596989,false,0
clone,0,0.25,1247,5000,0.1,0.7647887348304252,0.002343023479920213,0.7582834587582372,0.7712940109026132,0.7619779999999999,0.2623222910692718,0.2362979948871259,0.28910409772366996,0.40766666666666673,0.2689667250437829,0.5263434063949015,false,0
clone,0,0.25,1247,5000,0.2,0.7647887348304252,0.002343023479920213,0.7582834587582372,0.7712940109026132,0.7619779999999999,0.3865005639612345,0.35977748589738223,0.41335522625395543,0.59336,0.3763565891472868,0.46202605205369074,false,0
premium,0,0.25,1247,5000,0.01,0.7682787388089485,0.0021585630549386067,0.7622856069808034,0.7742718706370936,0.76226,0.0720782590217875,0.04752411727044126,0.09253951722157816,0.10306799999999994,0.09015151515151514,0.8692667605831834,false,0
premium,0,0.25,1247,5000,0.05,0.7682787388089485,0.0021585630549386067,0.7622856069808034,0.7742718706370936,0.76226,0.1795648174910079,0.15361478361768333,0.20930781102852122,0.2886666666666666,0.18,0.7513069515018189,false,0
premium,0,0.25,1247,5000,0.1,0.7682787388089485,0.0021585630549386067,0.7622856069808034,0.7742718706370936,0.76226,0.26672640403301584,0.24058415854349416,0.2962169563572826,0.40766666666666673,0.2567366412213741,0.1772733253776212,false,0
premium,0,0.25,1247,5000,0.2,0.7682787388089485,0.0021585630549386067,0.7622856069808034,0.7742718706370936,0.76226,0.3911828046354753,0.36435810048042855,0.41535890243762125,0.59336,0.39660808435852374,0.17256073004256844,false,0
parallel_universe_prompt,0,0.25,1247,5000,0.01,0.7754543307256813,0.001867446755555134,0.7702694673220027,0.7806391941293598,0.770834,0.07185702329627985,0.048141950585859336,0.09452028789449887,0.10306799999999994,0.07903846153846153,0.9085064257001167,false,0
parallel_universe_prompt,0,0.25,1247,5000,0.05,0.7754543307256813,0.001867446755555134,0.7702694673220027,0.7806391941293598,0.770834,0.1793756278079876,0.1552993815407835,0.20616027258165823,0.2886666666666666,0.17513944223107572,0.7372721488717087,false,0
parallel_universe_prompt,0,0.25,1247,5000,0.1,0.7754543307256813,0.001867446755555134,0.7702694673220027,0.7806391941293598,0.770834,0.2681942241294356,0.24309851010792954,0.29592819765095885,0.40766666666666673,0.26734463276836157,0.7752380937915867,false,0
parallel_universe_prompt,0,0.25,1247,5000,0.2,0.7754543307256813,0.001867446755555134,0.7702694673220027,0.7806391941293598,0.770834,0.39559709583202357,0.36681384009186413,0.4224670672994922,0.59336,0.4058043875685558,0.564390028525799,false,0
unhelpful,0,0.25,1247,5000,0.01,0.4478648928003382,0.03795558781880528,0.3424832867859113,0.5532464988147651,0.142636,0.014742627302996589,0.007715335327388511,0.054055183814972214,0.016559999999999908,0.0,0.003222478576450416,true,0
unhelpful,0,0.25,1247,5000,0.05,0.4478648928003382,0.03795558781880528,0.3424832867859113,0.5532464988147651,0.142636,0.02978093913143913,0.01684833173796983,0.0652594778466514,0.03516666666666668,0.0,2.3971392104638056e-7,true,0
unhelpful,0,0.25,1247,5000,0.1,0.4478648928003382,0.03795558781880528,0.3424832867859113,0.5532464988147651,0.142636,0.03891328586278588,0.023297761724137916,0.07536253976129031,0.04800000000000004,0.0,0.0,true,0
unhelpful,0,0.25,1247,5000,0.2,0.4478648928003382,0.03795558781880528,0.3424832867859113,0.5532464988147651,0.142636,0.058956298104921895,0.03312982528203971,0.09671755869631171,0.08935333333333334,0.0,0.0,true,0
clone,1,0.25,1247,5000,0.01,0.756787592730812,0.003309956133327028,0.7475976812260168,0.7659775042356072,0.7619779999999999,0.0636963714321106,0.0449626140392786,0.08856989958180125,0.10933333333333328,0.072,0.816085846972641,false,0
clone,1,0.25,1247,5000,0.05,0.756787592730812,0.003309956133327028,0.7475976812260168,0.7659775042356072,0.7619779999999999,0.16907825313575314,0.14326254909101818,0.1954608888690676,0.265,0.16924603174603173,0.9964268562082578,false,0
clone,1,0.25,1247,5000,0.1,0.756787592730812,0.003309956133327028,0.7475976812260168,0.7659775042356072,0.7619779999999999,0.24239955573967098,0.22180396776246888,0.27039911789402926,0.3815000000000004,0.2689667250437829,0.7850313377992499,false,0
clone,1,0.25,1247,5000,0.2,0.756787592730812,0.003309956133327028,0.7475976812260168,0.7659775042356072,0.7619779999999999,0.3592401179238637,0.330931449420122,0.3877921376541955,0.5720000000000001,0.3763565891472868,0.7655983264363532,false,0
premium,1,0.25,1247,5000,0.01,0.7641487998805038,0.003062602134277578,0.7556456531756205,0.772651946585387,0.76226,0.06368729535842582,0.04416143723246495,0.08867321097582037,0.10933333333333328,0.09015151515151514,0.0677054588407745,false,0
premium,1,0.25,1247,5000,0.05,0.7641487998805038,0.003062602134277578,0.7556456531756205,0.772651946585387,0.76226,0.1704306379087901,0.14787826909882412,0.1991634783804085,0.265,0.18,0.6702470018798814,false,0
premium,1,0.25,1247,5000,0.1,0.7641487998805038,0.003062602134277578,0.7556456531756205,0.772651946585387,0.76226,0.24538139028467507,0.2212808527414115,0.2739058608982869,0.3815000000000004,0.2567366412213741,0.6990350141511688,false,0
premium,1,0.25,1247,5000,0.2,0.7641487998805038,0.003062602134277578,0.7556456531756205,0.772651946585387,0.76226,0.36374788834362104,0.33613038375234533,0.39081303755411706,0.5720000000000001,0.39660808435852374,0.6491446174747277,false,0
parallel_universe_prompt,1,0.25,1247,5000,0.01,0.7703288883746835,0.0031134448914365066,0.7616845795455516,0.7789731972038154,0.770834,0.06341407899347032,0.04653200605584903,0.08794719290269018,0.10933333333333328,0.07903846153846153,0.40482519326121047,false,0
parallel_universe_prompt,1,0.25,1247,5000,0.05,0.7703288883746835,0.0031134448914365066,0.7616845795455516,0.7789731972038154,0.770834,0.17153082176277828,0.14639011422791637,0.19480471530704996,0.265,0.17513944223107572,0.949356714475227,false,0
parallel_universe_prompt,1,0.25,1247,5000,0.1,0.7703288883746835,0.0031134448914365066,0.7616845795455516,0.7789731972038154,0.770834,0.24818015155906897,0.2212842011528072,0.27230733937722823,0.3815000000000004,0.26734463276836157,0.6833819202039448,false,0
parallel_universe_prompt,1,0.25,1247,5000,0.2,0.7703288883746835,0.0031134448914365066,0.7616845795455516,0.7789731972038154,0.770834,0.3696329216093086,0.3435558224637826,0.39881750445346636,0.5720000000000001,0.4058043875685558,0.23324987389075125,false,0
unhelpful,1,0.25,1247,5000,0.01,0.3186101778057927,0.0521922551264293,0.17370124653078364,0.46351910908080174,0.142636,0.023333333333333317,0.009999999999999898,0.043333333333333335,0.023333333333333317,0.0,0.0,true,0
unhelpful,1,0.25,1247,5000,0.05,0.3186101778057927,0.0521922551264293,0.17370124653078364,0.46351910908080174,0.142636,0.023090132941048277,0.010000000000000009,0.054632492774433807,0.03833333333333333,0.0,0.014603213486802158,true,0
unhelpful,1,0.25,1247,5000,0.1,0.3186101778057927,0.0521922551264293,0.17370124653078364,0.46351910908080174,0.142636,0.031272578849297177,0.01768666666666674,0.07608257835409776,0.04490000000000027,0.0,5.746175501086803e-6,true,0
unhelpful,1,0.25,1247,5000,0.2,0.3186101778057927,0.0521922551264293,0.17370124653078364,0.46351910908080174,0.142636,0.0408452672439553,0.0238875,0.10653262903329073,0.0643200000000001,0.0,1.318944953254686e-13,true,0
clone,2,0.25,1247,5000,0.01,0.7556352104247942,0.003095418695534369,0.74704095033904,0.7642294705105483,0.7619779999999999,0.07131858286558798,0.046088837712425335,0.09431278180285214,0.10933333333333328,0.072,0.742097653714515,false,0
clone,2,0.25,1247,5000,0.05,0.7556352104247942,0.003095418695534369,0.74704095033904,0.7642294705105483,0.7619779999999999,0.15465075001123404,0.13390838955767856,0.18129148669114684,0.23233333333333328,0.16924603174603173,0.16250930661032736,false,0
clone,2,0.25,1247,5000,0.1,0.7556352104247942,0.003095418695534369,0.74704095033904,0.7642294705105483,0.7619779999999999,0.2314478810037512,0.20765156807046406,0.25524617440089287,0.35117333333333334,0.2689667250437829,0.2277238148202283,false,0
clone,2,0.25,1247,5000,0.2,0.7556352104247942,0.003095418695534369,0.74704095033904,0.7642294705105483,0.7619779999999999,0.3460222553989342,0.31902650603112537,0.3746132326949706,0.5780000000000001,0.3763565891472868,0.270718578158504,false,0
premium,2,0.25,1247,5000,0.01,0.7587768560309114,0.0032051486642580914,0.7498779367106008,0.767675775351222,0.76226,0.07121495884522651,0.04614433238083315,0.0942807177926904,0.10933333333333328,0.09015151515151514,0.7127179792883531,false,0
premium,2,0.25,1247,5000,0.05,0.7587768560309114,0.0032051486642580914,0.7498779367106008,0.767675775351222,0.76226,0.15335114841798564,0.1334293895608431,0.18370256779980135,0.23233333333333328,0.18,0.15035899365182737,false,0
premium,2,0.25,1247,5000,0.1,0.7587768560309114,0.0032051486642580914,0.7498779367106008,0.767675775351222,0.76226,0.23231860713742591,0.2074465641130141,0.2565693474584092,0.35117333333333334,0.2567366412213741,0.34614620884064196,false,0
premium,2,0.25,1247,5000,0.2,0.7587768560309114,0.0032051486642580914,0.7498779367106008,0.767675775351222,0.76226,0.34949882720183567,0.32309481331358597,0.38001117913991794,0.5780000000000001,0.39660808435852374,0.3880142803737594,false,0
parallel_universe_prompt,2,0.25,1247,5000,0.01,0.7656459538798291,0.0032372174474931364,0.7566579973432759,0.7746339104163824,0.770834,0.07186577378425144,0.04804150778579283,0.09486843558312838,0.10933333333333328,0.07903846153846153,0.7946455090282192,false,0
parallel_universe_prompt,2,0.25,1247,5000,0.05,0.7656459538798291,0.0032372174474931364,0.7566579973432759,0.7746339104163824,0.770834,0.1586641082814718,0.13582852334213513,0.18677003102742135,0.26049999999999995,0.17513944223107572,0.18049447037942934,false,0
parallel_universe_prompt,2,0.25,1247,5000,0.1,0.7656459538798291,0.0032372174474931364,0.7566579973432759,0.7746339104163824,0.770834,0.23648116121865703,0.21454132124430883,0.26140202234224297,0.35117333333333334,0.26734463276836157,0.06710945420786174,false,0
parallel_universe_prompt,2,0.25,1247,5000,0.2,0.7656459538798291,0.0032372174474931364,0.7566579973432759,0.7746339104163824,0.770834,0.35635404350619637,0.32783732974256097,0.3855555647962681,0.5780000000000001,0.4058043875685558,0.08093835462332022,false,0
unhelpful,2,0.25,1247,5000,0.01,0.42284612643269737,0.08111711907043932,0.19762889824182953,0.6480633546235652,0.142636,0.027711602126043615,0.019201907170643892,0.06488698472411636,0.052000000000000046,0.0,3.68619383905866e-8,true,0
unhelpful,2,0.25,1247,5000,0.05,0.42284612643269737,0.08111711907043932,0.19762889824182953,0.6480633546235652,0.142636,0.03426436802413274,0.03120375389830511,0.09652343501421724,0.03516666666666668,0.0,1.1600831406610723e-11,true,0
unhelpful,2,0.25,1247,5000,0.1,0.42284612643269737,0.08111711907043932,0.19762889824182953,0.6480633546235652,0.142636,0.04730569115939813,0.03604179506475149,0.10708500380647182,0.07090666666666678,0.0,0.0,true,0
unhelpful,2,0.25,1247,5000,0.2,0.42284612643269737,0.08111711907043932,0.19762889824182953,0.6480633546235652,0.142636,0.07373626213332031,0.04161735711296715,0.13616911594989276,0.17050000000000004,0.0,0.0,true,0
clone,3,0.25,1247,5000,0.01,0.7579567717395965,0.0038635437068229254,0.7472298547260703,0.7686836887531228,0.7619779999999999,0.07334063724538421,0.05149615669920388,0.09496723664864863,0.09001466666666669,0.072,0.29247291112426943,false,0
clone,3,0.25,1247,5000,0.05,0.7579567717395965,0.0038635437068229254,0.7472298547260703,0.7686836887531228,0.7619779999999999,0.17096968988406075,0.14656613727426623,0.20453773759595867,0.26049999999999995,0.16924603174603173,0.9886493306849978,false,0
clone,3,0.25,1247,5000,0.1,0.7579567717395965,0.0038635437068229254,0.7472298547260703,0.7686836887531228,0.7619779999999999,0.24953195812907553,0.22449472486320154,0.27731952955549044,0.39499999999999996,0.2689667250437829,0.9525963690918882,false,0
clone,3,0.25,1247,5000,0.2,0.7579567717395965,0.0038635437068229254,0.7472298547260703,0.7686836887531228,0.7619779999999999,0.3696202357153806,0.3426146668734614,0.3957974285356614,0.598,0.3763565891472868,0.909585311203451,false,0
premium,3,0.25,1247,5000,0.01,0.7624824046332431,0.003916345459706814,0.7516088864513766,0.7733559228151097,0.76226,0.07403045202941853,0.055621326346882036,0.09671660201790327,0.09001466666666669,0.09015151515151514,0.4008682356804617,false,0
premium,3,0.25,1247,5000,0.05,0.7624824046332431,0.003916345459706814,0.7516088864513766,0.7733559228151097,0.76226,0.17418387625282344,0.14754439878653094,0.20060241635938636,0.26049999999999995,0.18,0.8630213985530104,false,0
premium,3,0.25,1247,5000,0.1,0.7624824046332431,0.003916345459706814,0.7516088864513766,0.7733559228151097,0.76226,0.2536708529677725,0.22863832045121463,0.27881616843357765,0.39499999999999996,0.2567366412213741,0.8813332076597437,false,0
premium,3,0.25,1247,5000,0.2,0.7624824046332431,0.003916345459706814,0.7516088864513766,0.7733559228151097,0.76226,0.37409539206347164,0.34875848380014035,0.40301451507889774,0.598,0.39660808435852374,0.9062570396173925,false,0
parallel_universe_prompt,3,0.25,1247,5000,0.01,0.7697680113960695,0.003650157208105953,0.7596335502824213,0.7799024725097178,0.770834,0.07308714235685285,0.04980562817302192,0.09624343263821208,0.09001466666666669,0.07903846153846153,0.3140436624376629,false,0
parallel_universe_prompt,3,0.25,1247,5000,0.05,0.7697680113960695,0.003650157208105953,0.7596335502824213,0.7799024725097178,0.770834,0.17280991189871747,0.14890881528011382,0.20495218735909118,0.26049999999999995,0.17513944223107572,0.9659108812225953,false,0
parallel_universe_prompt,3,0.25,1247,5000,0.1,0.7697680113960695,0.003650157208105953,0.7596335502824213,0.7799024725097178,0.770834,0.2535480892183118,0.2306560960523856,0.283313956071966,0.39499999999999996,0.26734463276836157,0.5767096022957499,false,0
parallel_universe_prompt,3,0.25,1247,5000,0.2,0.7697680113960695,0.003650157208105953,0.7596335502824213,0.7799024725097178,0.770834,0.37751317359723247,0.3516348844873884,0.4079409581907524,0.598,0.4058043875685558,0.798601525103376,false,0
unhelpful,3,0.25,1247,5000,0.01,0.4494241477940417,0.053161215858201764,0.30182495023817413,0.5970233453499093,0.142636,-0.014855835438596365,-0.023203450000000004,0.07501110170893972,0.004752666666666627,0.0,0.1085790080948903,false,0
unhelpful,3,0.25,1247,5000,0.05,0.4494241477940417,0.053161215858201764,0.30182495023817413,0.5970233453499093,0.142636,0.006148614035087721,-0.010827075000000005,0.08018076470588234,0.03516666666666668,0.0,7.105427357601002e-15,true,0
unhelpful,3,0.25,1247,5000,0.1,0.4494241477940417,0.053161215858201764,0.30182495023817413,0.5970233453499093,0.142636,0.03265237517855182,-0.0048213155362318814,0.10079919911780537,0.069,0.0,4.5089680222876183e-7,true,0
unhelpful,3,0.25,1247,5000,0.2,0.4494241477940417,0.053161215858201764,0.30182495023817413,0.5970233453499093,0.142636,0.06353480029631942,0.010949663978852556,0.14384941847677177,0.09766666666666668,0.0,0.0,true,0
clone,4,0.25,1247,5000,0.01,0.7616248714378124,0.0023548153566854257,0.7550868558670986,0.7681628870085263,0.7619779999999999,0.07084122304172062,0.0464484403787529,0.0986625231987823,0.10933333333333328,0.072,0.9466355610232619,false,0
clone,4,0.25,1247,5000,0.05,0.7616248714378124,0.0023548153566854257,0.7550868558670986,0.7681628870085263,0.7619779999999999,0.18765874533106322,0.16079097909003315,0.21754757113143025,0.2886666666666666,0.16924603174603173,0.5217010441964531,false,0
clone,4,0.25,1247,5000,0.1,0.7616248714378124,0.0023548153566854257,0.7550868558670986,0.7681628870085263,0.7619779999999999,0.26688858357529055,0.24450920861581774,0.28967726409678807,0.38,0.2689667250437829,0.1491209242404018,false,0
clone,4,0.25,1247,5000,0.2,0.7616248714378124,0.0023548153566854257,0.7550868558670986,0.7681628870085263,0.7619779999999999,0.3708188617978451,0.3462732756135578,0.3956333856066452,0.5775,0.3763565891472868,0.7513496593169497,false,0
premium,4,0.25,1247,5000,0.01,0.7657798956360055,0.002744438772064024,0.7581601120407933,0.7733996792312177,0.76226,0.07151980287688886,0.049398887954069506,0.1010146230246932,0.10933333333333328,0.09015151515151514,0.8831764791601975,false,0
premium,4,0.25,1247,5000,0.05,0.7657798956360055,0.002744438772064024,0.7581601120407933,0.7733996792312177,0.76226,0.18941657865788375,0.15743824256852076,0.21698382423565743,0.2886666666666666,0.18,0.8019567507087747,false,0
premium,4,0.25,1247,5000,0.1,0.7657798956360055,0.002744438772064024,0.7581601120407933,0.7733996792312177,0.76226,0.268755170486216,0.2433847841545114,0.2898431991457214,0.38,0.2567366412213741,0.3492123696310784,false,0
premium,4,0.25,1247,5000,0.2,0.7657798956360055,0.002744438772064024,0.7581601120407933,0.7733996792312177,0.76226,0.3739638327723638,0.3459633769747065,0.40030162872724173,0.5775,0.39660808435852374,0.4418106403950314,false,0
parallel_universe_prompt,4,0.25,1247,5000,0.01,0.7744190562151092,0.0025556216984227945,0.767323512859786,0.7815145995704325,0.770834,0.07066570324233379,0.04595411960958288,0.09942338991482749,0.10933333333333328,0.07903846153846153,0.8468417014759042,false,0
parallel_universe_prompt,4,0.25,1247,5000,0.05,0.7744190562151092,0.0025556216984227945,0.767323512859786,0.7815145995704325,0.770834,0.18999347845085202,0.16356600328411783,0.21983208002239832,0.2886666666666666,0.17513944223107572,0.6835128502966992,false,0
parallel_universe_prompt,4,0.25,1247,5000,0.1,0.7744190562151092,0.0025556216984227945,0.767323512859786,0.7815145995704325,0.770834,0.2710747838467755,0.2487411767289673,0.297441561092933,0.40766666666666673,0.26734463276836157,0.5835172614994083,false,0
parallel_universe_prompt,4,0.25,1247,5000,0.2,0.7744190562151092,0.0025556216984227945,0.767323512859786,0.7815145995704325,0.770834,0.37983541418202815,0.35454932917360343,0.406243031134463,0.5775,0.4058043875685558,0.34207384919437367,false,0
unhelpful,4,0.25,1247,5000,0.01,0.41838464548251014,0.026660543233919053,0.34436311071878145,0.49240618024623883,0.142636,0.020797948717948704,0.007794990715536768,0.054725409207338364,0.023333333333333317,0.0,0.0011165804032445825,true,0
unhelpful,4,0.25,1247,5000,0.05,0.41838464548251014,0.026660543233919053,0.34436311071878145,0.49240618024623883,0.142636,0.02890405163986921,0.014091858050526608,0.06760153372199434,0.03516666666666668,0.0,0.00004869647786520659,true,0
unhelpful,4,0.25,1247,5000,0.1,0.41838464548251014,0.026660543233919053,0.34436311071878145,0.49240618024623883,0.142636,0.03738219637981598,0.020112434231734273,0.0866534886780782,0.04800000000000004,0.0,5.964784222101116e-12,true,0
unhelpful,4,0.25,1247,5000,0.2,0.41838464548251014,0.026660543233919053,0.34436311071878145,0.49240618024623883,0.142636,0.058554262191253814,0.02958338104525905,0.11989586329059042,0.10050000000000003,0.0,0.0,true,0
clone,5,0.25,1247,5000,0.01,0.7654835451766818,0.0022386756754009408,0.7592679850555896,0.7716991052977741,0.7619779999999999,0.059495062303608195,0.04059002491446183,0.08370127263349454,0.08433333333333337,0.072,0.47319863982205124,false,0
clone,5,0.25,1247,5000,0.05,0.7654835451766818,0.0022386756754009408,0.7592679850555896,0.7716991052977741,0.7619779999999999,0.16412741701389869,0.14087720816588525,0.19255912711512022,0.25906000000000007,0.16924603174603173,0.9376018996891751,false,0
clone,5,0.25,1247,5000,0.1,0.7654835451766818,0.0022386756754009408,0.7592679850555896,0.7716991052977741,0.7619779999999999,0.2443986072934713,0.21669754091922494,0.2700674843365643,0.3988,0.2689667250437829,0.9092883844254137,false,0
clone,5,0.25,1247,5000,0.2,0.7654835451766818,0.0022386756754009408,0.7592679850555896,0.7716991052977741,0.7619779999999999,0.36821743550031094,0.34128670250513704,0.3979875100324054,0.5987200000000001,0.3763565891472868,0.910962717243698,false,0
premium,5,0.25,1247,5000,0.01,0.7680729407965377,0.0023249655007304528,0.7616178017122809,0.7745280798807944,0.76226,0.060403422544876656,0.041778890523690604,0.08503160319759898,0.08433333333333337,0.09015151515151514,0.11785832758841686,false,0
premium,5,0.25,1247,5000,0.05,0.7680729407965377,0.0023249655007304528,0.7616178017122809,0.7745280798807944,0.76226,0.16761291049186922,0.14236552168653033,0.19446849931302182,0.25906000000000007,0.18,0.627310929857299,false,0
premium,5,0.25,1247,5000,0.1,0.7680729407965377,0.0023249655007304528,0.7616178017122809,0.7745280798807944,0.76226,0.24841344239404006,0.22249762357729322,0.27764499213733257,0.3988,0.2567366412213741,0.8451034842663099,false,0
premium,5,0.25,1247,5000,0.2,0.7680729407965377,0.0023249655007304528,0.7616178017122809,0.7745280798807944,0.76226,0.3722073899359792,0.3451961212229642,0.3999762861461432,0.5987200000000001,0.39660808435852374,0.9476272079960117,false,0
parallel_universe_prompt,5,0.25,1247,5000,0.01,0.774451190997663,0.0024834493265287385,0.7675560302710156,0.7813463517243104,0.770834,0.05977464405677755,0.041893243956719464,0.08324673936602257,0.08433333333333337,0.07903846153846153,0.23968792655346338,false,0
parallel_universe_prompt,5,0.25,1247,5000,0.05,0.774451190997663,0.0024834493265287385,0.7675560302710156,0.7813463517243104,0.770834,0.167361155499521,0.14200421651915224,0.19367274560623463,0.25906000000000007,0.17513944223107572,0.8126108950904619,false,0
parallel_universe_prompt,5,0.25,1247,5000,0.1,0.774451190997663,0.0024834493265287385,0.7675560302710156,0.7813463517243104,0.770834,0.2515469357552106,0.2233731914555153,0.2780083407212411,0.3988,0.26734463276836157,0.6092380501378869,false,0
parallel_universe_prompt,5,0.25,1247,5000,0.2,0.774451190997663,0.0024834493265287385,0.7675560302710156,0.7813463517243104,0.770834,0.37894217215436665,0.35023939755952194,0.4046908574264224,0.5987200000000001,0.4058043875685558,0.8108613381382227,false,0
unhelpful,5,0.25,1247,5000,0.01,0.48141795338868976,0.06878251205537533,0.2904470844693347,0.6723888223080448,0.142636,-0.00216666666666665,-0.017640409593749923,0.04694666666666653,-0.00216666666666665,0.0,0.9958163153379954,false,0
unhelpful,5,0.25,1247,5000,0.05,0.48141795338868976,0.06878251205537533,0.2904470844693347,0.6723888223080448,0.142636,0.00889486242424244,-0.011065498039215693,0.055912023339286035,0.030953333333333388,0.0,0.011171005295167347,true,0
unhelpful,5,0.25,1247,5000,0.1,0.48141795338868976,0.06878251205537533,0.2904470844693347,0.6723888223080448,0.142636,0.029977456509553226,-0.0013230753535353574,0.07048884605720669,0.07032,0.0,2.220446049250313e-16,true,0
unhelpful,5,0.25,1247,5000,0.2,0.48141795338868976,0.06878251205537533,0.2904470844693347,0.6723888223080448,0.142636,0.051260164514031835,0.020173243137355846,0.10715867045980393,0.09104000000000012,0.0,0.0,true,0
clone,6,0.25,1247,5000,0.01,0.7711822175247153,0.00249337494408554,0.7642594988657861,0.7781049361836444,0.7619779999999999,0.08181662991865304,0.0591131250542347,0.10926335285337284,0.11316666666666675,0.072,0.6142478213911855,false,0
clone,6,0.25,1247,5000,0.05,0.7711822175247153,0.00249337494408554,0.7642594988657861,0.7781049361836444,0.7619779999999999,0.18352667532014644,0.15633237675771747,0.20871698777731906,0.276,0.16924603174603173,0.4592728503645487,false,0
clone,6,0.25,1247,5000,0.1,0.7711822175247153,0.00249337494408554,0.7642594988657861,0.7781049361836444,0.7619779999999999,0.26358769001879684,0.23809631436773523,0.2901006203051387,0.4042,0.2689667250437829,0.41894088513899475,false,0
clone,6,0.25,1247,5000,0.2,0.7711822175247153,0.00249337494408554,0.7642594988657861,0.7781049361836444,0.7619779999999999,0.3868386432410195,0.35975967365859857,0.4144860869050195,0.5833333333333334,0.3763565891472868,0.48970354525652093,false,0
premium,6,0.25,1247,5000,0.01,0.7753556020914428,0.002680940064368891,0.7679121191723972,0.7827990850104884,0.76226,0.08060198808172532,0.05720876849270133,0.10847098697054328,0.11316666666666675,0.09015151515151514,0.9985456446039587,false,0
premium,6,0.25,1247,5000,0.05,0.7753556020914428,0.002680940064368891,0.7679121191723972,0.7827990850104884,0.76226,0.1845211588489578,0.16009303063028985,0.21416789107101208,0.276,0.18,0.9612478441118487,false,0
premium,6,0.25,1247,5000,0.1,0.7753556020914428,0.002680940064368891,0.7679121191723972,0.7827990850104884,0.76226,0.26625539523234076,0.23969330240202458,0.29388029988938624,0.4042,0.2567366412213741,0.12592424570649108,false,0
premium,6,0.25,1247,5000,0.2,0.7753556020914428,0.002680940064368891,0.7679121191723972,0.7827990850104884,0.76226,0.39040738500401806,0.3639481687818261,0.41693702867974813,0.5833333333333334,0.39660808435852374,0.20769165051169147,false,0
parallel_universe_prompt,6,0.25,1247,5000,0.01,0.7834313252239754,0.0026142149675672808,0.7761731008733385,0.7906895495746123,0.770834,0.081469934307605,0.059363420849929474,0.10930398170804269,0.11316666666666675,0.07903846153846153,0.9741785441855693,false,0
parallel_universe_prompt,6,0.25,1247,5000,0.05,0.7834313252239754,0.0026142149675672808,0.7761731008733385,0.7906895495746123,0.770834,0.18631022417746343,0.1611710668817526,0.2149670712162357,0.276,0.17513944223107572,0.6856600081703222,false,0
parallel_universe_prompt,6,0.25,1247,5000,0.1,0.7834313252239754,0.0026142149675672808,0.7761731008733385,0.7906895495746123,0.770834,0.2700641628461203,0.2439655921856932,0.2954456385316327,0.4042,0.26734463276836157,0.7740945438797646,false,0
parallel_universe_prompt,6,0.25,1247,5000,0.2,0.7834313252239754,0.0026142149675672808,0.7761731008733385,0.7906895495746123,0.770834,0.396456687631047,0.3725041835159194,0.42074421430901626,0.6100000000000001,0.4058043875685558,0.3734931508909588,false,0
unhelpful,6,0.25,1247,5000,0.01,0.4754331251411348,0.05629233404604585,0.31914054981883166,0.6317257004634379,0.142636,0.026666666666666727,0.007723999999999953,0.08053824862872103,0.026666666666666727,0.0,0.0015349677051107458,true,0
unhelpful,6,0.25,1247,5000,0.05,0.4754331251411348,0.05629233404604585,0.31914054981883166,0.6317257004634379,0.142636,0.02400000000000002,0.013000000000000012,0.09264414063948714,0.02400000000000002,0.0,4.440892098500626e-16,true,0
unhelpful,6,0.25,1247,5000,0.1,0.4754331251411348,0.05629233404604585,0.31914054981883166,0.6317257004634379,0.142636,0.03586507793175852,0.020000000000000018,0.09050387295670663,0.0463533333333333,0.0,0.00011771385645942267,true,0
unhelpful,6,0.25,1247,5000,0.2,0.4754331251411348,0.05629233404604585,0.31914054981883166,0.6317257004634379,0.142636,0.05762123675747256,0.028433974672199568,0.13056493407862327,0.10333333333333339,0.0,0.0,true,0
clone,7,0.25,1247,5000,0.01,0.7694445009669258,0.003177778284473051,0.7606215740035968,0.7782674279302549,0.7619779999999999,0.07728468424693863,0.054752005607237565,0.10657404778814673,0.11540133333333336,0.072,0.7120292127186347,false,0
clone,7,0.25,1247,5000,0.05,0.7694445009669258,0.003177778284473051,0.7606215740035968,0.7782674279302549,0.7619779999999999,0.18408607510566283,0.15976919872502748,0.21209273023763067,0.29333333333333333,0.16924603174603173,0.539228053647846,false,0
clone,7,0.25,1247,5000,0.1,0.7694445009669258,0.003177778284473051,0.7606215740035968,0.7782674279302549,0.7619779999999999,0.26010633645413117,0.23390589419730384,0.2861797892705786,0.40499999999999997,0.2689667250437829,0.6010252244233429,false,0
clone,7,0.25,1247,5000,0.2,0.7694445009669258,0.003177778284473051,0.7606215740035968,0.7782674279302549,0.7619779999999999,0.3860724740206621,0.35904613125089957,0.4108628798180966,0.598,0.3763565891472868,0.5484927332768749,false,0
premium,7,0.25,1247,5000,0.01,0.7731694630060659,0.0032445270085664914,0.7641612118744494,0.7821777141376824,0.76226,0.07865431932855108,0.056984417136278206,0.1075180191677716,0.11540133333333336,0.09015151515151514,0.9935702159446621,false,0
premium,7,0.25,1247,5000,0.05,0.7731694630060659,0.0032445270085664914,0.7641612118744494,0.7821777141376824,0.76226,0.1882394072469032,0.1625390318576355,0.21576463314275554,0.29333333333333333,0.18,0.8003027838017462,false,0
premium,7,0.25,1247,5000,0.1,0.7731694630060659,0.0032445270085664914,0.7641612118744494,0.7821777141376824,0.76226,0.2648863689910542,0.23927474499218312,0.2911641019804356,0.40499999999999997,0.2567366412213741,0.16473743104881144,false,0
premium,7,0.25,1247,5000,0.2,0.7731694630060659,0.0032445270085664914,0.7641612118744494,0.7821777141376824,0.76226,0.39080240297849833,0.3645389282110032,0.4143953270805273,0.598,0.39660808435852374,0.23045613704877388,false,0
parallel_universe_prompt,7,0.25,1247,5000,0.01,0.7795995230336347,0.003272762130951118,0.7705128786346788,0.7886861674325906,0.770834,0.07730445730843981,0.054693838608186496,0.10731855875760976,0.11540133333333336,0.07903846153846153,0.9940263570035219,false,0
parallel_universe_prompt,7,0.25,1247,5000,0.05,0.7795995230336347,0.003272762130951118,0.7705128786346788,0.7886861674325906,0.770834,0.18819709804127538,0.16288468572960377,0.21278371542536784,0.29333333333333333,0.17513944223107572,0.6781522929141199,false,0
parallel_universe_prompt,7,0.25,1247,5000,0.1,0.7795995230336347,0.003272762130951118,0.7705128786346788,0.7886861674325906,0.770834,0.2667417654507651,0.2412640098914275,0.2911496046139748,0.40499999999999997,0.26734463276836157,0.872275643615773,false,0
parallel_universe_prompt,7,0.25,1247,5000,0.2,0.7795995230336347,0.003272762130951118,0.7705128786346788,0.7886861674325906,0.770834,0.395024119377254,0.36876231926486835,0.41819473911645716,0.598,0.4058043875685558,0.6880884028019849,false,0
unhelpful,7,0.25,1247,5000,0.01,0.3934397799094116,0.02816044441682919,0.31525385184811167,0.4716257079707115,0.142636,-0.004665686666666616,-0.022689999999999988,0.07529086668354425,0.0013906666666666512,0.0,0.031876871910372584,true,0
unhelpful,7,0.25,1247,5000,0.05,0.3934397799094116,0.02816044441682919,0.31525385184811167,0.4716257079707115,0.142636,0.004945000000000005,-0.015499999999999958,0.08,0.03833333333333333,0.0,4.2942423894576365e-7,true,0
unhelpful,7,0.25,1247,5000,0.1,0.3934397799094116,0.02816044441682919,0.31525385184811167,0.4716257079707115,0.142636,0.029215520022246935,-0.007208064866666668,0.11822842184380683,0.07500000000000001,0.0,1.797365312139476e-8,true,0
unhelpful,7,0.25,1247,5000,0.2,0.3934397799094116,0.02816044441682919,0.31525385184811167,0.4716257079707115,0.142636,0.06867850300823612,0.01732777612511086,0.1532515502098023,0.15033333333333332,0.0,0.0,true,0
clone,8,0.25,1247,5000,0.01,0.7568393695816883,0.0031395308364629286,0.7481226345581733,0.7655561046052033,0.7619779999999999,0.07650818066888863,0.05532062142497279,0.10811643221368653,0.10933333333333328,0.072,0.8872098695264687,false,0
clone,8,0.25,1247,5000,0.05,0.7568393695816883,0.0031395308364629286,0.7481226345581733,0.7655561046052033,0.7619779999999999,0.1796547798055769,0.1572070717811666,0.20417485621198087,0.26555999999999996,0.16924603174603173,0.6359606205840481,false,0
clone,8,0.25,1247,5000,0.1,0.7568393695816883,0.0031395308364629286,0.7481226345581733,0.7655561046052033,0.7619779999999999,0.25265963801121005,0.23129879352254412,0.27584575024876273,0.3938,0.2689667250437829,0.8578342265443949,false,0
clone,8,0.25,1247,5000,0.2,0.7568393695816883,0.0031395308364629286,0.7481226345581733,0.7655561046052033,0.7619779999999999,0.367105135554257,0.34088988466065395,0.39754798783321627,0.5710000000000001,0.3763565891472868,0.587624970665884,false,0
premium,8,0.25,1247,5000,0.01,0.7618916055467881,0.0032298432825362167,0.7529241229744345,0.7708590881191418,0.76226,0.07542505823085469,0.05329639174033239,0.10567003835364307,0.10933333333333328,0.09015151515151514,0.9399534552742929,false,0
premium,8,0.25,1247,5000,0.05,0.7618916055467881,0.0032298432825362167,0.7529241229744345,0.7708590881191418,0.76226,0.17666825390125096,0.15663337233746724,0.20502282547400594,0.26555999999999996,0.18,0.9477249409820446,false,0
premium,8,0.25,1247,5000,0.1,0.7618916055467881,0.0032298432825362167,0.7529241229744345,0.7708590881191418,0.76226,0.2518409128504153,0.2311216461115378,0.2799219075776206,0.3938,0.2567366412213741,0.8866232363794313,false,0
premium,8,0.25,1247,5000,0.2,0.7618916055467881,0.0032298432825362167,0.7529241229744345,0.7708590881191418,0.76226,0.3679045515794894,0.34252952413983245,0.3966169821799164,0.5710000000000001,0.39660808435852374,0.3116286376414039,false,0
parallel_universe_prompt,8,0.25,1247,5000,0.01,0.7678228246126934,0.0038304477200273193,0.7571877967897075,0.7784578524356792,0.770834,0.07605190054782975,0.052413928996809966,0.10907670559538632,0.10933333333333328,0.07903846153846153,0.9772499837352489,false,0
parallel_universe_prompt,8,0.25,1247,5000,0.05,0.7678228246126934,0.0038304477200273193,0.7571877967897075,0.7784578524356792,0.770834,0.18164411477000794,0.15768432377719768,0.20717402026096987,0.26555999999999996,0.17513944223107572,0.8458233649384225,false,0
parallel_universe_prompt,8,0.25,1247,5000,0.1,0.7678228246126934,0.0038304477200273193,0.7571877967897075,0.7784578524356792,0.770834,0.25604770705513835,0.2297357168144071,0.2834707344991258,0.3938,0.26734463276836157,0.4611243850619948,false,0
parallel_universe_prompt,8,0.25,1247,5000,0.2,0.7678228246126934,0.0038304477200273193,0.7571877967897075,0.7784578524356792,0.770834,0.3721809922901399,0.34739377595964815,0.39914043627041096,0.59736,0.4058043875685558,0.49935562791546995,false,0
unhelpful,8,0.25,1247,5000,0.01,0.33266383240884306,0.04935441555252746,0.19563400692813035,0.46969365788955575,0.142636,0.023333333333333317,0.004752666666666627,0.06998862380120038,0.023333333333333317,0.0,7.299079064493341e-7,true,0
unhelpful,8,0.25,1247,5000,0.05,0.33266383240884306,0.04935441555252746,0.19563400692813035,0.46969365788955575,0.142636,0.02059517714285718,0.009699909999999977,0.0916236998850249,0.041453333333333287,0.0,3.1266117472839028e-9,true,0
unhelpful,8,0.25,1247,5000,0.1,0.33266383240884306,0.04935441555252746,0.19563400692813035,0.46969365788955575,0.142636,0.032425528912193996,0.014666666666666661,0.1141838244672046,0.0945266666666667,0.0,0.000046475022672076705,true,0
unhelpful,8,0.25,1247,5000,0.2,0.33266383240884306,0.04935441555252746,0.19563400692813035,0.46969365788955575,0.142636,0.08286741096601405,0.022499999999999964,0.14913317293412193,0.20196000000000003,0.0,2.7977620220553945e-14,true,0
clone,9,0.25,1247,5000,0.01,0.7592044513704594,0.0028815749050660555,0.751203916830028,0.7672049859108909,0.7619779999999999,0.06940923316655806,0.051210289470612805,0.09593886593659032,0.10933333333333328,0.072,0.9432075281381318,false,0
clone,9,0.25,1247,5000,0.05,0.7592044513704594,0.0028815749050660555,0.751203916830028,0.7672049859108909,0.7619779999999999,0.17183785387123912,0.1464276954043623,0.20343135875209856,0.26049999999999995,0.16924603174603173,0.9825425520076393,false,0
clone,9,0.25,1247,5000,0.1,0.7592044513704594,0.0028815749050660555,0.751203916830028,0.7672049859108909,0.7619779999999999,0.25286759762309474,0.227288049184746,0.27864642782012683,0.38,0.2689667250437829,0.8826790223856249,false,0
clone,9,0.25,1247,5000,0.2,0.7592044513704594,0.0028815749050660555,0.751203916830028,0.7672049859108909,0.7619779999999999,0.3729032521519221,0.35064404643251545,0.4004567406110799,0.5710000000000001,0.3763565891472868,0.5499372440538595,false,0
premium,9,0.25,1247,5000,0.01,0.7649456116018553,0.002718084656532826,0.7573989987617115,0.772492224441999,0.76226,0.06826281568404405,0.048905023830333565,0.09320922491111676,0.10933333333333328,0.09015151515151514,0.3985150272837157,false,0
premium,9,0.25,1247,5000,0.05,0.7649456116018553,0.002718084656532826,0.7573989987617115,0.772492224441999,0.76226,0.17453407255188286,0.14832518851638166,0.203116588271356,0.2886666666666666,0.18,0.6029823794940417,false,0
premium,9,0.25,1247,5000,0.1,0.7649456116018553,0.002718084656532826,0.7573989987617115,0.772492224441999,0.76226,0.2564256985422214,0.2326426104450339,0.28511071017594597,0.40766666666666673,0.2567366412213741,0.058017843020109705,false,0
premium,9,0.25,1247,5000,0.2,0.7649456116018553,0.002718084656532826,0.7573989987617115,0.772492224441999,0.76226,0.3765691724936192,0.35103438839555245,0.4031824066957886,0.59736,0.39660808435852374,0.811464244284688,false,0
parallel_universe_prompt,9,0.25,1247,5000,0.01,0.7710473867780805,0.002812259889476945,0.7632393015733981,0.7788554719827628,0.770834,0.06862864771587697,0.05149027092785662,0.09207800423704648,0.10933333333333328,0.07903846153846153,0.7440499873795839,false,0
parallel_universe_prompt,9,0.25,1247,5000,0.05,0.7710473867780805,0.002812259889476945,0.7632393015733981,0.7788554719827628,0.770834,0.17405295145998895,0.14911501014638306,0.20659999751488226,0.2886666666666666,0.17513944223107572,0.6544842522197051,false,0
parallel_universe_prompt,9,0.25,1247,5000,0.1,0.7710473867780805,0.002812259889476945,0.7632393015733981,0.7788554719827628,0.770834,0.2582602455767643,0.22988079676166662,0.28389491487024765,0.40766666666666673,0.26734463276836157,0.8468937029276538,false,0
parallel_universe_prompt,9,0.25,1247,5000,0.2,0.7710473867780805,0.002812259889476945,0.7632393015733981,0.7788554719827628,0.770834,0.3812831473119374,0.3527690714197013,0.40905796026218266,0.59736,0.4058043875685558,0.8039236352157627,false,0
unhelpful,9,0.25,1247,5000,0.01,0.4660052903908761,0.025054778153001174,0.3964420742261594,0.5355685065555928,0.142636,0.023333333333333317,0.00989333333333331,0.0684885747631888,0.023333333333333317,0.0,2.828868694848552e-9,true,0
unhelpful,9,0.25,1247,5000,0.05,0.4660052903908761,0.025054778153001174,0.3964420742261594,0.5355685065555928,0.142636,0.029419712878787876,0.015166666666666662,0.0818298523122498,0.03516666666666668,0.0,3.0550128438111557e-7,true,0
unhelpful,9,0.25,1247,5000,0.1,0.4660052903908761,0.025054778153001174,0.3964420742261594,0.5355685065555928,0.142636,0.03798917727272729,0.02033333333333337,0.12456684328141075,0.04800000000000004,0.0,0.0,true,0
unhelpful,9,0.25,1247,5000,0.2,0.4660052903908761,0.025054778153001174,0.3964420742261594,0.5355685065555928,0.142636,0.07918633824986841,0.028542599798387094,0.1543485730141031,0.20196000000000003,0.0,0.0,true,0
clone,10,0.25,1247,5000,0.01,0.7607412014624355,0.002215388338023189,0.7545902973552188,0.7668921055696523,0.7619779999999999,0.07997673867933647,0.06366561162362998,0.09369533122936934,0.09644933333333339,0.072,0.06569486441820005,false,0
clone,10,0.25,1247,5000,0.05,0.7607412014624355,0.002215388338023189,0.7545902973552188,0.7668921055696523,0.7619779999999999,0.16706650805605394,0.13949704747690908,0.19402972212295808,0.26049999999999995,0.16924603174603173,0.9816137009805322,false,0
clone,10,0.25,1247,5000,0.1,0.7607412014624355,0.002215388338023189,0.7545902973552188,0.7668921055696523,0.7619779999999999,0.245696644405646,0.22164800303072665,0.2743722383034589,0.385,0.2689667250437829,0.9520990177422807,false,0
clone,10,0.25,1247,5000,0.2,0.7607412014624355,0.002215388338023189,0.7545902973552188,0.7668921055696523,0.7619779999999999,0.3684297817622276,0.34404632874190916,0.3934062672779457,0.594,0.3763565891472868,0.8926434595691132,false,0
premium,10,0.25,1247,5000,0.01,0.7656670803213557,0.0023292283147326844,0.759200105768028,0.7721340548746833,0.76226,0.08067176311711496,0.062420690905664,0.09350117422632964,0.09644933333333339,0.09015151515151514,0.12914782958541493,false,0
premium,10,0.25,1247,5000,0.05,0.7656670803213557,0.0023292283147326844,0.759200105768028,0.7721340548746833,0.76226,0.17057716354544417,0.14721643646724764,0.2003290417306788,0.26049999999999995,0.18,0.7297917194777044,false,0
premium,10,0.25,1247,5000,0.1,0.7656670803213557,0.0023292283147326844,0.759200105768028,0.7721340548746833,0.76226,0.249771734278916,0.22786259635964226,0.275094434268072,0.385,0.2567366412213741,0.8259557012471946,false,0
premium,10,0.25,1247,5000,0.2,0.7656670803213557,0.0023292283147326844,0.759200105768028,0.7721340548746833,0.76226,0.3727772949805379,0.3434098212571679,0.39893439361558003,0.594,0.39660808435852374,0.936926271248616,false,0
parallel_universe_prompt,10,0.25,1247,5000,0.01,0.7726905630569616,0.0022923311645145967,0.7663260314157527,0.7790550946981705,0.770834,0.07942093996201752,0.06459357163376893,0.09396611379915988,0.09644933333333339,0.07903846153846153,0.05017820021625308,false,0
parallel_universe_prompt,10,0.25,1247,5000,0.05,0.7726905630569616,0.0022923311645145967,0.7663260314157527,0.7790550946981705,0.770834,0.17048425699041028,0.1466647594324805,0.1967751280871103,0.26049999999999995,0.17513944223107572,0.859426274505217,false,0
parallel_universe_prompt,10,0.25,1247,5000,0.1,0.7726905630569616,0.0022923311645145967,0.7663260314157527,0.7790550946981705,0.770834,0.2513100605547144,0.22571302838369686,0.27910163775741414,0.385,0.26734463276836157,0.615612471116507,false,0
parallel_universe_prompt,10,0.25,1247,5000,0.2,0.7726905630569616,0.0022923311645145967,0.7663260314157527,0.7790550946981705,0.770834,0.3772771506991621,0.34963322524149876,0.4025798710442081,0.594,0.4058043875685558,0.7724938072543422,false,0
unhelpful,10,0.25,1247,5000,0.01,0.48963845108885945,0.036750781178347035,0.38760192457404263,0.5916749776036763,0.142636,0.011695333333333391,0.004752666666666627,0.0748578999999999,0.011695333333333391,0.0,0.03872946066705729,true,0
unhelpful,10,0.25,1247,5000,0.05,0.48963845108885945,0.036750781178347035,0.38760192457404263,0.5916749776036763,0.142636,0.026206190476190466,0.009883066666666617,0.06666666666666665,0.03516666666666668,0.0,4.8406355681596125e-6,true,0
unhelpful,10,0.25,1247,5000,0.1,0.48963845108885945,0.036750781178347035,0.38760192457404263,0.5916749776036763,0.142636,0.03266364285714286,0.016813717499999943,0.08014803532840642,0.051000000000000045,0.0,0.0,true,0
unhelpful,10,0.25,1247,5000,0.2,0.48963845108885945,0.036750781178347035,0.38760192457404263,0.5916749776036763,0.142636,0.06235485827215474,0.023709045454545438,0.10112392786290206,0.11699999999999999,0.0,0.0,true,0
clone,11,0.25,1247,5000,0.01,0.7614485658559582,0.0031216371349948786,0.752781511712298,0.7701156199996184,0.7619779999999999,0.06523025799012719,0.05046225221456586,0.08398967471031442,0.08066666666666666,0.072,0.02296458602216178,true,0
clone,11,0.25,1247,5000,0.05,0.7614485658559582,0.0031216371349948786,0.752781511712298,0.7701156199996184,0.7619779999999999,0.1403157910185876,0.11716399444848578,0.16977732954007335,0.23666666666666658,0.16924603174603173,0.020992746615005164,true,0
clone,11,0.25,1247,5000,0.1,0.7614485658559582,0.0031216371349948786,0.752781511712298,0.7701156199996184,0.7619779999999999,0.2283860857069562,0.19921214575439591,0.2594007622802452,0.3886666666666667,0.2689667250437829,0.2802789839044587,false,0
clone,11,0.25,1247,5000,0.2,0.7614485658559582,0.0031216371349948786,0.752781511712298,0.7701156199996184,0.7619779999999999,0.3634021932422574,0.33405009813743286,0.3926224481259404,0.5780000000000001,0.3763565891472868,0.6303014441941167,false,0
premium,11,0.25,1247,5000,0.01,0.7643561942646544,0.0029911273053637973,0.7560514934986536,0.7726608950306552,0.76226,0.06351782906352467,0.049992967494396724,0.08529027087933946,0.08066666666666666,0.09015151515151514,0.007673461629280953,true,0
premium,11,0.25,1247,5000,0.05,0.7643561942646544,0.0029911273053637973,0.7560514934986536,0.7726608950306552,0.76226,0.13955718297984132,0.11629532062493428,0.1652904593648824,0.23666666666666658,0.18,0.033214750014115,true,0
premium,11,0.25,1247,5000,0.1,0.7643561942646544,0.0029911273053637973,0.7560514934986536,0.7726608950306552,0.76226,0.23022797992549107,0.2022546101607173,0.25996790555991867,0.3886666666666667,0.2567366412213741,0.22108799300750492,false,0
premium,11,0.25,1247,5000,0.2,0.7643561942646544,0.0029911273053637973,0.7560514934986536,0.7726608950306552,0.76226,0.3669319513489594,0.3382239573700284,0.3971910839953442,0.6051666666666666,0.39660808435852374,0.1957972547990594,false,0
parallel_universe_prompt,11,0.25,1247,5000,0.01,0.7718383111835656,0.0030236893070206237,0.7634432038074492,0.780233418559682,0.770834,0.06434860483551327,0.050689771896533654,0.08260414850785093,0.08066666666666666,0.07903846153846153,0.021806906240779744,true,0
parallel_universe_prompt,11,0.25,1247,5000,0.05,0.7718383111835656,0.0030236893070206237,0.7634432038074492,0.780233418559682,0.770834,0.14196451651778755,0.11962162466800856,0.1709762114441143,0.23666666666666658,0.17513944223107572,0.057129354709210545,false,0
parallel_universe_prompt,11,0.25,1247,5000,0.1,0.7718383111835656,0.0030236893070206237,0.7634432038074492,0.780233418559682,0.770834,0.23351342559046623,0.2072222704933387,0.26456978265553294,0.3886666666666667,0.26734463276836157,0.2898696911774912,false,0
parallel_universe_prompt,11,0.25,1247,5000,0.2,0.7718383111835656,0.0030236893070206237,0.7634432038074492,0.780233418559682,0.770834,0.3725159587652789,0.3466414003428846,0.4029335954930015,0.6051666666666666,0.4058043875685558,0.16624221699419928,false,0
unhelpful,11,0.25,1247,5000,0.01,0.2292685641210826,0.010940068638350233,0.1988940640996072,0.259643064142558,0.142636,0.023333333333333317,0.023333333333333317,0.06925290019272075,0.023333333333333317,0.0,0.0,true,0
unhelpful,11,0.25,1247,5000,0.05,0.2292685641210826,0.010940068638350233,0.1988940640996072,0.259643064142558,0.142636,0.03833333333333333,0.027786666666666737,0.06755044650626237,0.03833333333333333,0.0,0.0,true,0
unhelpful,11,0.25,1247,5000,0.1,0.2292685641210826,0.010940068638350233,0.1988940640996072,0.259643064142558,0.142636,0.04466666666666663,0.028255431804366127,0.07867676693606587,0.04466666666666663,0.0,3.908717016720686e-9,true,0
unhelpful,11,0.25,1247,5000,0.2,0.2292685641210826,0.010940068638350233,0.1988940640996072,0.259643064142558,0.142636,0.042666688200374725,0.03466666666666668,0.08434905924792992,0.06183333333333335,0.0,0.0,true,0
clone,12,0.25,1247,5000,0.01,0.7580770225287319,0.00373515421467323,0.7477065718922434,0.7684474731652203,0.7619779999999999,0.07782614075786165,0.0659416168831169,0.09494482376886468,0.09001466666666669,0.072,0.0007634202579245297,true,0
clone,12,0.25,1247,5000,0.05,0.7580770225287319,0.00373515421467323,0.7477065718922434,0.7684474731652203,0.7619779999999999,0.1661757090605424,0.14115352335421824,0.19565319986386,0.26049999999999995,0.16924603174603173,0.9556164974168101,false,0
clone,12,0.25,1247,5000,0.1,0.7580770225287319,0.00373515421467323,0.7477065718922434,0.7684474731652203,0.7619779999999999,0.2451567465464419,0.2211927417706016,0.2742531410109325,0.39,0.2689667250437829,0.9414707053126533,false,0
clone,12,0.25,1247,5000,0.2,0.7580770225287319,0.00373515421467323,0.7477065718922434,0.7684474731652203,0.7619779999999999,0.3565674777800619,0.33273563954951246,0.3807137275806188,0.5650000000000001,0.3763565891472868,0.5410683659861866,false,0
premium,12,0.25,1247,5000,0.01,0.7604558883283975,0.003806406259901399,0.7498876102997,0.771024166357095,0.76226,0.0773333607316562,0.06428614535898666,0.09322638654210257,0.09001466666666669,0.09015151515151514,0.06872478170894636,false,0
premium,12,0.25,1247,5000,0.05,0.7604558883283975,0.003806406259901399,0.7498876102997,0.771024166357095,0.76226,0.16348702933572257,0.14234036210451023,0.19464445860242274,0.26049999999999995,0.18,0.28600510980632654,false,0
premium,12,0.25,1247,5000,0.1,0.7604558883283975,0.003806406259901399,0.7498876102997,0.771024166357095,0.76226,0.24528996583032547,0.22194549619114373,0.273809186370362,0.39,0.2567366412213741,0.6921020604619297,false,0
premium,12,0.25,1247,5000,0.2,0.7604558883283975,0.003806406259901399,0.7498876102997,0.771024166357095,0.76226,0.35825212972741327,0.3300664332986765,0.38472822573648663,0.5650000000000001,0.39660808435852374,0.491441609708105,false,0
parallel_universe_prompt,12,0.25,1247,5000,0.01,0.7692231280073444,0.0037887165634753997,0.7587039644497013,0.7797422915649874,0.770834,0.07787776140985325,0.06673480416175942,0.09557773855380196,0.09001466666666669,0.07903846153846153,0.005566582979601775,true,0
parallel_universe_prompt,12,0.25,1247,5000,0.05,0.7692231280073444,0.0037887165634753997,0.7587039644497013,0.7797422915649874,0.770834,0.16863122433045735,0.14443029342729088,0.19732023242175692,0.26049999999999995,0.17513944223107572,0.8177729691753208,false,0
parallel_universe_prompt,12,0.25,1247,5000,0.1,0.7692231280073444,0.0037887165634753997,0.7587039644497013,0.7797422915649874,0.770834,0.2500597060358677,0.2240864434405525,0.27653125085158753,0.39,0.26734463276836157,0.5401114319304372,false,0
parallel_universe_prompt,12,0.25,1247,5000,0.2,0.7692231280073444,0.0037887165634753997,0.7587039644497013,0.7797422915649874,0.770834,0.36414728222730997,0.33910942532298455,0.39188465921108345,0.5650000000000001,0.4058043875685558,0.09821952444334214,false,0
unhelpful,12,0.25,1247,5000,0.01,0.35314328356528835,0.022196421991945627,0.29151613637284624,0.41477043075773046,0.142636,0.03317333333333328,0.023333333333333317,0.07499999999999996,0.03317333333333328,0.0,0.0,true,0
unhelpful,12,0.25,1247,5000,0.05,0.35314328356528835,0.022196421991945627,0.29151613637284624,0.41477043075773046,0.142636,0.046126365398955996,0.03516666666666668,0.08795573510647345,0.06333333333333335,0.0,0.0,true,0
unhelpful,12,0.25,1247,5000,0.1,0.35314328356528835,0.022196421991945627,0.29151613637284624,0.41477043075773046,0.142636,0.059970279840546675,0.04295249423907546,0.09649285876564072,0.08200000000000007,0.0,0.0,true,0
unhelpful,12,0.25,1247,5000,0.2,0.35314328356528835,0.022196421991945627,0.29151613637284624,0.41477043075773046,0.142636,0.07406380358426388,0.04963551895468779,0.12435592636037565,0.10600000000000004,0.0,0.0,true,0
clone,13,0.25,1247,5000,0.01,0.7539988835022435,0.0035196181279116686,0.7442268569788377,0.7637709100256493,0.7619779999999999,0.08466395390291424,0.06882879005155078,0.09458044476586194,0.09966666666666668,0.072,0.003012611386892239,true,0
clone,13,0.25,1247,5000,0.05,0.7539988835022435,0.0035196181279116686,0.7442268569788377,0.7637709100256493,0.7619779999999999,0.15755358873238007,0.13695487166325837,0.17970424645403588,0.23233333333333328,0.16924603174603173,0.14410599452626782,false,0
clone,13,0.25,1247,5000,0.1,0.7539988835022435,0.0035196181279116686,0.7442268569788377,0.7637709100256493,0.7619779999999999,0.22639009018564016,0.20183520336845093,0.25016853595424243,0.3368333333333333,0.2689667250437829,0.03654695446272682,true,0
clone,13,0.25,1247,5000,0.2,0.7539988835022435,0.0035196181279116686,0.7442268569788377,0.7637709100256493,0.7619779999999999,0.3393664063343985,0.31143910851473233,0.3680822153269949,0.5780000000000001,0.3763565891472868,0.10406325266888072,false,0
premium,13,0.25,1247,5000,0.01,0.7580980196159186,0.003659893415302897,0.7479365264574552,0.768259512774382,0.76226,0.08419750113999089,0.06732915889556561,0.09501848791131709,0.09966666666666668,0.09015151515151514,0.06326439893733282,false,0
premium,13,0.25,1247,5000,0.05,0.7580980196159186,0.003659893415302897,0.7479365264574552,0.768259512774382,0.76226,0.1596801706401737,0.14007948699352268,0.18469561572282678,0.23233333333333328,0.18,0.04647614331618222,true,0
premium,13,0.25,1247,5000,0.1,0.7580980196159186,0.003659893415302897,0.7479365264574552,0.768259512774382,0.76226,0.2292595198864655,0.2068163463784916,0.254489411240572,0.365,0.2567366412213741,0.2271410387530698,false,0
premium,13,0.25,1247,5000,0.2,0.7580980196159186,0.003659893415302897,0.7479365264574552,0.768259512774382,0.76226,0.3435734481801286,0.3199029898367349,0.37158341206522394,0.5780000000000001,0.39660808435852374,0.148472929239565,false,0
parallel_universe_prompt,13,0.25,1247,5000,0.01,0.7643082430598671,0.0035891857098505906,0.7543430659641066,0.7742734201556276,0.770834,0.08450494092774531,0.06894856772683666,0.09548629159724109,0.09966666666666668,0.07903846153846153,0.005609042143160603,true,0
parallel_universe_prompt,13,0.25,1247,5000,0.05,0.7643082430598671,0.0035891857098505906,0.7543430659641066,0.7742734201556276,0.770834,0.16055465471060465,0.13643345969625134,0.18543454964232156,0.23233333333333328,0.17513944223107572,0.19302094348528998,false,0
parallel_universe_prompt,13,0.25,1247,5000,0.1,0.7643082430598671,0.0035891857098505906,0.7543430659641066,0.7742734201556276,0.770834,0.2321071043779525,0.21184547418550417,0.25853220452675646,0.365,0.26734463276836157,0.05124401205390916,false,0
parallel_universe_prompt,13,0.25,1247,5000,0.2,0.7643082430598671,0.0035891857098505906,0.7543430659641066,0.7742734201556276,0.770834,0.3483400062645413,0.3201580121074337,0.38021735514347466,0.5780000000000001,0.4058043875685558,0.03934750529694031,true,0
unhelpful,13,0.25,1247,5000,0.01,0.3826989390299019,0.03148829345355462,0.29527342079974844,0.4701244572600553,0.142636,0.015166666666666662,0.004752666666666627,0.07211310379616959,0.015166666666666662,0.0,0.04380486953631224,true,0
unhelpful,13,0.25,1247,5000,0.05,0.3826989390299019,0.03148829345355462,0.29527342079974844,0.4701244572600553,0.142636,0.02946454545454545,0.016638276666666632,0.08017702775130717,0.03516666666666668,0.0,4.0830574477013215e-9,true,0
unhelpful,13,0.25,1247,5000,0.1,0.3826989390299019,0.03148829345355462,0.29527342079974844,0.4701244572600553,0.142636,0.05092070339510011,0.0226450987179487,0.08957359607230028,0.08333333333333337,0.0,0.0,true,0
unhelpful,13,0.25,1247,5000,0.2,0.3826989390299019,0.03148829345355462,0.29527342079974844,0.4701244572600553,0.142636,0.07050880564648349,0.03303789775691047,0.1077960906583893,0.1161666666666667,0.0,0.0,true,0
clone,14,0.25,1247,5000,0.01,0.7658538432258196,0.0039758294671748485,0.7548151709625809,0.7768925154890584,0.7619779999999999,0.07652562080100636,0.04638258116713353,0.10988116004176475,0.11843533333333334,0.072,0.882946381904915,false,0
clone,14,0.25,1247,5000,0.05,0.7658538432258196,0.0039758294671748485,0.7548151709625809,0.7768925154890584,0.7619779999999999,0.1866712340988444,0.1563163385697843,0.2152076858574959,0.27656000000000003,0.16924603174603173,0.39302991669577936,false,0
clone,14,0.25,1247,5000,0.1,0.7658538432258196,0.0039758294671748485,0.7548151709625809,0.7768925154890584,0.7619779999999999,0.26214825568032996,0.23829173523304584,0.2880041409236409,0.40499999999999997,0.2689667250437829,0.3994105841135537,false,0
clone,14,0.25,1247,5000,0.2,0.7658538432258196,0.0039758294671748485,0.7548151709625809,0.7768925154890584,0.7619779999999999,0.3832434362970353,0.35321485238771905,0.4083533758532523,0.604,0.3763565891472868,0.2657962747031646,false,0
premium,14,0.25,1247,5000,0.01,0.7720514789759829,0.0036971396275207883,0.76178657375392,0.7823163841980458,0.76226,0.07580756237282829,0.04381168213248272,0.10845221084907347,0.11843533333333334,0.09015151515151514,0.9738143134092621,false,0
premium,14,0.25,1247,5000,0.05,0.7720514789759829,0.0036971396275207883,0.76178657375392,0.7823163841980458,0.76226,0.18794121576562672,0.161343544533787,0.216492995819097,0.27656000000000003,0.18,0.8872531097248364,false,0
premium,14,0.25,1247,5000,0.1,0.7720514789759829,0.0036971396275207883,0.76178657375392,0.7823163841980458,0.76226,0.2652860246667524,0.2381121736235666,0.29005519831716675,0.40499999999999997,0.2567366412213741,0.210923306085816,false,0
premium,14,0.25,1247,5000,0.2,0.7720514789759829,0.0036971396275207883,0.76178657375392,0.7823163841980458,0.76226,0.38754820320431,0.3596247590711143,0.41549290763515745,0.604,0.39660808435852374,0.36005994280921716,false,0
parallel_universe_prompt,14,0.25,1247,5000,0.01,0.7769637910421581,0.004253984288121147,0.7651528371878158,0.7887747448965003,0.770834,0.0755301697030939,0.04199606137610585,0.11011569146001356,0.11843533333333334,0.07903846153846153,0.9824756473423961,false,0
parallel_universe_prompt,14,0.25,1247,5000,0.05,0.7769637910421581,0.004253984288121147,0.7651528371878158,0.7887747448965003,0.770834,0.18858156220021932,0.15916074742147823,0.21903874143356852,0.27656000000000003,0.17513944223107572,0.6274491848050778,false,0
parallel_universe_prompt,14,0.25,1247,5000,0.1,0.7769637910421581,0.004253984288121147,0.7651528371878158,0.7887747448965003,0.770834,0.26755285925497313,0.2414835155120994,0.2946759554590376,0.40499999999999997,0.26734463276836157,0.8715843997631341,false,0
parallel_universe_prompt,14,0.25,1247,5000,0.2,0.7769637910421581,0.004253984288121147,0.7651528371878158,0.7887747448965003,0.770834,0.39334831695210165,0.36376201099863215,0.4202182128599835,0.604,0.4058043875685558,0.5055138753350787,false,0
unhelpful,14,0.25,1247,5000,0.01,0.44302548460179225,0.12033806367475568,0.10891345674303649,0.777137512460548,0.142636,-0.014855835438596365,-0.023668000000000022,0.07789600000000008,0.004752666666666627,0.0,0.06644856922199349,false,0
unhelpful,14,0.25,1247,5000,0.05,0.44302548460179225,0.12033806367475568,0.10891345674303649,0.777137512460548,0.142636,0.004797667368421056,-0.013959999999999972,0.08428063719652265,0.02744000000000002,0.0,0.07594684558876519,false,0
unhelpful,14,0.25,1247,5000,0.1,0.44302548460179225,0.12033806367475568,0.10891345674303649,0.777137512460548,0.142636,0.014974583333333298,-0.006987848508098895,0.10756367553666987,0.04750000000000004,0.0,0.02431121328035757,true,0
unhelpful,14,0.25,1247,5000,0.2,0.44302548460179225,0.12033806367475568,0.10891345674303649,0.777137512460548,0.142636,0.03695876919883767,0.010704671874999986,0.15732683455705188,0.10050000000000003,0.0,0.00002654053659512101,true,0
clone,15,0.25,1247,5000,0.01,0.7650680515396036,0.0026230666393729416,0.7577852510081089,0.7723508520710982,0.7619779999999999,0.08123278080122043,0.06021349816170389,0.10780009791903875,0.10933333333333328,0.072,0.8337044587962508,false,0
clone,15,0.25,1247,5000,0.05,0.7650680515396036,0.0026230666393729416,0.7577852510081089,0.7723508520710982,0.7619779999999999,0.18655228158671666,0.159911440616585,0.21478840380299383,0.2886666666666666,0.16924603174603173,0.42988825653613627,false,0
clone,15,0.25,1247,5000,0.1,0.7650680515396036,0.0026230666393729416,0.7577852510081089,0.7723508520710982,0.7619779999999999,0.2581711982712286,0.23617431421909907,0.28470952851824727,0.39499999999999996,0.2689667250437829,0.5843204907507997,false,0
clone,15,0.25,1247,5000,0.2,0.7650680515396036,0.0026230666393729416,0.7577852510081089,0.7723508520710982,0.7619779999999999,0.379010441165178,0.34765877585238425,0.40385021188176007,0.598,0.3763565891472868,0.777283872522345,false,0
premium,15,0.25,1247,5000,0.01,0.7690430616575997,0.002543150825611239,0.7619821429960517,0.7761039803191477,0.76226,0.08241415104515945,0.06053336038624067,0.10687495331052665,0.10933333333333328,0.09015151515151514,0.9883041588973936,false,0
premium,15,0.25,1247,5000,0.05,0.7690430616575997,0.002543150825611239,0.7619821429960517,0.7761039803191477,0.76226,0.18984467377094397,0.1635127724132168,0.217156645203912,0.2886666666666666,0.18,0.7539798693784086,false,0
premium,15,0.25,1247,5000,0.1,0.7690430616575997,0.002543150825611239,0.7619821429960517,0.7761039803191477,0.76226,0.2618492349854953,0.2368854300524107,0.28742763070136573,0.39499999999999996,0.2567366412213741,0.6762885993579415,false,0
premium,15,0.25,1247,5000,0.2,0.7690430616575997,0.002543150825611239,0.7619821429960517,0.7761039803191477,0.76226,0.38305268146484406,0.35227894843366786,0.4087180930592974,0.598,0.39660808435852374,0.5263023210934884,false,0
parallel_universe_prompt,15,0.25,1247,5000,0.01,0.7751363042287744,0.002370694648399076,0.7685542006763082,0.7817184077812407,0.770834,0.08152737391431715,0.05939927642932612,0.11077464643877036,0.10933333333333328,0.07903846153846153,0.9745414191195501,false,0
parallel_universe_prompt,15,0.25,1247,5000,0.05,0.7751363042287744,0.002370694648399076,0.7685542006763082,0.7817184077812407,0.770834,0.19038994058902226,0.16694436211244543,0.21681224339456015,0.2886666666666666,0.17513944223107572,0.5841044494137924,false,0
parallel_universe_prompt,15,0.25,1247,5000,0.1,0.7751363042287744,0.002370694648399076,0.7685542006763082,0.7817184077812407,0.770834,0.26345622658126444,0.2375183182696117,0.2901292078069988,0.39499999999999996,0.26734463276836157,0.4194483507516549,false,0
parallel_universe_prompt,15,0.25,1247,5000,0.2,0.7751363042287744,0.002370694648399076,0.7685542006763082,0.7817184077812407,0.770834,0.3874422406185908,0.3615398063171241,0.41316922227186664,0.598,0.4058043875685558,0.750582470034323,false,0
unhelpful,15,0.25,1247,5000,0.01,0.4864669711316004,0.019336801105089597,0.4327794043531911,0.5401545379100097,0.142636,-0.005333333333333301,-0.022689999999999988,0.07973964791997452,-0.005333333333333301,0.0,0.996815367710801,false,0
unhelpful,15,0.25,1247,5000,0.05,0.4864669711316004,0.019336801105089597,0.4327794043531911,0.5401545379100097,0.142636,0.01697786835055491,-0.008646650000000004,0.09222844448940266,0.06333333333333335,0.0,9.034229141779981e-6,true,0
unhelpful,15,0.25,1247,5000,0.1,0.4864669711316004,0.019336801105089597,0.4327794043531911,0.5401545379100097,0.142636,0.05075255585922517,-0.0006349922222222208,0.0986426870550688,0.09616666666666668,0.0,0.000011220726698901728,true,0
unhelpful,15,0.25,1247,5000,0.2,0.4864669711316004,0.019336801105089597,0.4327794043531911,0.5401545379100097,0.142636,0.08221813132139534,0.03959494211147933,0.13906602407788254,0.15033333333333332,0.0,0.0,true,0
clone,16,0.25,1247,5000,0.01,0.763959805311353,0.0028527088223689197,0.7560394158649323,0.7718801947577737,0.7619779999999999,0.08687403580001557,0.06901827876494335,0.11046688776174586,0.11843533333333334,0.072,0.2857773337571017,false,0
clone,16,0.25,1247,5000,0.05,0.763959805311353,0.0028527088223689197,0.7560394158649323,0.7718801947577737,0.7619779999999999,0.18379056347776745,0.16036289196660392,0.21115965373462867,0.2700599999999999,0.16924603174603173,0.44417662001066494,false,0
clone,16,0.25,1247,5000,0.1,0.763959805311353,0.0028527088223689197,0.7560394158649323,0.7718801947577737,0.7619779999999999,0.2607288806350271,0.23709317658768753,0.286423071661389,0.4038,0.2689667250437829,0.40219267753730703,false,0
clone,16,0.25,1247,5000,0.2,0.763959805311353,0.0028527088223689197,0.7560394158649323,0.7718801947577737,0.7619779999999999,0.3789407597720491,0.3504789705331215,0.4075319514479373,0.604,0.3763565891472868,0.11364774686435386,false,0
premium,16,0.25,1247,5000,0.01,0.766422669846502,0.0028691997184892267,0.7584564943322677,0.7743888453607363,0.76226,0.086723667315525,0.06901819447550983,0.1110011674831446,0.11843533333333334,0.09015151515151514,0.8023787504001524,false,0
premium,16,0.25,1247,5000,0.05,0.766422669846502,0.0028691997184892267,0.7584564943322677,0.7743888453607363,0.76226,0.18506457782158198,0.1625341081774763,0.21033685917455977,0.2700599999999999,0.18,0.9303344487923741,false,0
premium,16,0.25,1247,5000,0.1,0.766422669846502,0.0028691997184892267,0.7584564943322677,0.7743888453607363,0.76226,0.26348586113678074,0.23750012306010945,0.2897500854703966,0.4038,0.2567366412213741,0.08039914926099445,false,0
premium,16,0.25,1247,5000,0.2,0.766422669846502,0.0028691997184892267,0.7584564943322677,0.7743888453607363,0.76226,0.3825458962546945,0.356877109012965,0.410691938820422,0.604,0.39660808435852374,0.3040753699927553,false,0
parallel_universe_prompt,16,0.25,1247,5000,0.01,0.7732035025656488,0.0029893008119023443,0.7649038729584788,0.7815031321728189,0.770834,0.08638348277546498,0.06908395202042414,0.11195964182929254,0.11843533333333334,0.07903846153846153,0.7720016580478959,false,0
parallel_universe_prompt,16,0.25,1247,5000,0.05,0.7732035025656488,0.0029893008119023443,0.7649038729584788,0.7815031321728189,0.770834,0.18640264152135036,0.1626645879159202,0.2166418117643946,0.2700599999999999,0.17513944223107572,0.6520382728819196,false,0
parallel_universe_prompt,16,0.25,1247,5000,0.1,0.7732035025656488,0.0029893008119023443,0.7649038729584788,0.7815031321728189,0.770834,0.26672909747299334,0.2407681728079676,0.2938996158997379,0.4038,0.26734463276836157,0.8483161498751558,false,0
parallel_universe_prompt,16,0.25,1247,5000,0.2,0.7732035025656488,0.0029893008119023443,0.7649038729584788,0.7815031321728189,0.770834,0.3872668175284669,0.3611402032339479,0.41519520293800716,0.604,0.4058043875685558,0.4559255753334295,false,0
unhelpful,16,0.25,1247,5000,0.01,0.5415600772454922,0.011772243588071956,0.5088750891581937,0.5742450653327906,0.142636,0.03317333333333328,0.023333333333333317,0.08449999999999991,0.03317333333333328,0.0,1.0125233984581428e-12,true,0
unhelpful,16,0.25,1247,5000,0.05,0.5415600772454922,0.011772243588071956,0.5088750891581937,0.5742450653327906,0.142636,0.04461999999999994,0.03516666666666668,0.09409788615296492,0.04461999999999994,0.0,3.219646771412954e-15,true,0
unhelpful,16,0.25,1247,5000,0.1,0.5415600772454922,0.011772243588071956,0.5088750891581937,0.5742450653327906,0.142636,0.05226664645175635,0.04023696978130354,0.11725697553254692,0.07332000000000005,0.0,0.0,true,0
unhelpful,16,0.25,1247,5000,0.2,0.5415600772454922,0.011772243588071956,0.5088750891581937,0.5742450653327906,0.142636,0.07305529287870224,0.04710416023754343,0.17340557859462077,0.15349999999999997,0.0,0.0,true,0
clone,17,0.25,1247,5000,0.01,0.7594134112541997,0.0032475152331684818,0.7503968634810138,0.7684299590273856,0.7619779999999999,0.06743624090638048,0.04738296297645891,0.09253141801601214,0.10933333333333328,0.072,0.8764268702039749,false,0
clone,17,0.25,1247,5000,0.05,0.7594134112541997,0.0032475152331684818,0.7503968634810138,0.7684299590273856,0.7619779999999999,0.16488014876450938,0.13915304846274287,0.19476198045911344,0.26049999999999995,0.16924603174603173,0.9403897892656368,false,0
clone,17,0.25,1247,5000,0.1,0.7594134112541997,0.0032475152331684818,0.7503968634810138,0.7684299590273856,0.7619779999999999,0.24628583303518187,0.22133456226977408,0.27434223925220635,0.38,0.2689667250437829,0.9391272699832273,false,0
clone,17,0.25,1247,5000,0.2,0.7594134112541997,0.0032475152331684818,0.7503968634810138,0.7684299590273856,0.7619779999999999,0.36923554068576814,0.3405993872385906,0.39426975926707486,0.5859999999999999,0.3763565891472868,0.8246186590087721,false,0
premium,17,0.25,1247,5000,0.01,0.7624644265399348,0.003097520001818523,0.7538643322926335,0.7710645207872362,0.76226,0.06568576982707218,0.0459732923739958,0.09150539845729816,0.10933333333333328,0.09015151515151514,0.5359157766275153,false,0
premium,17,0.25,1247,5000,0.05,0.7624644265399348,0.003097520001818523,0.7538643322926335,0.7710645207872362,0.76226,0.16544773042451866,0.1398063172653633,0.19406797221896033,0.26049999999999995,0.18,0.5143224266400477,false,0
premium,17,0.25,1247,5000,0.1,0.7624644265399348,0.003097520001818523,0.7538643322926335,0.7710645207872362,0.76226,0.24867344305307096,0.22160778292993638,0.27418362380530314,0.38,0.2567366412213741,0.8420897289338114,false,0
premium,17,0.25,1247,5000,0.2,0.7624644265399348,0.003097520001818523,0.7538643322926335,0.7710645207872362,0.76226,0.3731876114088212,0.34407084825890116,0.3976057830207461,0.5859999999999999,0.39660808435852374,0.886820492660832,false,0
parallel_universe_prompt,17,0.25,1247,5000,0.01,0.7669981123308617,0.0030233859341754514,0.7586038472527964,0.775392377408927,0.770834,0.06732401669648184,0.04764381717262676,0.09160492406577057,0.10933333333333328,0.07903846153846153,0.4363255556657679,false,0
parallel_universe_prompt,17,0.25,1247,5000,0.05,0.7669981123308617,0.0030233859341754514,0.7586038472527964,0.775392377408927,0.770834,0.16701894007604906,0.1416568009910607,0.1988424798394262,0.26049999999999995,0.17513944223107572,0.7334159277633503,false,0
parallel_universe_prompt,17,0.25,1247,5000,0.1,0.7669981123308617,0.0030233859341754514,0.7586038472527964,0.775392377408927,0.770834,0.2513672499600856,0.22240058982197286,0.2789848109655741,0.40766666666666673,0.26734463276836157,0.5298952610178631,false,0
parallel_universe_prompt,17,0.25,1247,5000,0.2,0.7669981123308617,0.0030233859341754514,0.7586038472527964,0.775392377408927,0.770834,0.3788593410157109,0.3479493958104514,0.4051373604930588,0.5859999999999999,0.4058043875685558,0.6419302345581412,false,0
unhelpful,17,0.25,1247,5000,0.01,0.302941300515595,0.0480933019938487,0.16941288760197448,0.4364697134292155,0.142636,0.020778294573643396,0.005754715768261438,0.07117951076993165,0.023333333333333317,0.0,0.010955353575992977,true,0
unhelpful,17,0.25,1247,5000,0.05,0.302941300515595,0.0480933019938487,0.16941288760197448,0.4364697134292155,0.142636,0.028303434789100405,0.011586887820512821,0.08202057274958845,0.03516666666666668,0.0,0.000021288741952507628,true,0
unhelpful,17,0.25,1247,5000,0.1,0.302941300515595,0.0480933019938487,0.16941288760197448,0.4364697134292155,0.142636,0.036337917581187026,0.020217683606856347,0.10166931066688625,0.04800000000000004,0.0,1.7440493493836584e-11,true,0
unhelpful,17,0.25,1247,5000,0.2,0.302941300515595,0.0480933019938487,0.16941288760197448,0.4364697134292155,0.142636,0.05290753103553427,0.029534145306627384,0.13258707220000554,0.10299999999999992,0.0,7.771561172376096e-16,true,0
clone,18,0.25,1247,5000,0.01,0.75749713179938,0.003004441597884341,0.7491554646310814,0.7658387989676787,0.7619779999999999,0.06192148294687767,0.037058367903550965,0.08455032308359321,0.09699999999999998,0.072,0.8066804373247511,false,0
clone,18,0.25,1247,5000,0.05,0.75749713179938,0.003004441597884341,0.7491554646310814,0.7658387989676787,0.7619779999999999,0.1472796968437902,0.12452795448633193,0.17373639458577347,0.23233333333333328,0.16924603174603173,0.1609020746657317,false,0
clone,18,0.25,1247,5000,0.1,0.75749713179938,0.003004441597884341,0.7491554646310814,0.7658387989676787,0.7619779999999999,0.22136734124318438,0.19870086528738642,0.24631209682741323,0.3471666666666666,0.2689667250437829,0.06411668139696836,false,0
clone,18,0.25,1247,5000,0.2,0.75749713179938,0.003004441597884341,0.7491554646310814,0.7658387989676787,0.7619779999999999,0.34545724049546167,0.3175888630133771,0.37237853462418796,0.5780000000000001,0.3763565891472868,0.2927406632716716,false,0
premium,18,0.25,1247,5000,0.01,0.7613422176464449,0.0029142317972437742,0.7532510130375757,0.7694334222553142,0.76226,0.062350894982210754,0.03404511901617357,0.08571569862258437,0.09699999999999998,0.09015151515151514,0.20342971506969487,false,0
premium,18,0.25,1247,5000,0.05,0.7613422176464449,0.0029142317972437742,0.7532510130375757,0.7694334222553142,0.76226,0.14942238296975238,0.12508925210816124,0.17595984081898527,0.23233333333333328,0.18,0.03910943005894085,true,0
premium,18,0.25,1247,5000,0.1,0.7613422176464449,0.0029142317972437742,0.7532510130375757,0.7694334222553142,0.76226,0.2250324876960646,0.20268961145452472,0.24671611691079948,0.3471666666666666,0.2567366412213741,0.176482317429421,false,0
premium,18,0.25,1247,5000,0.2,0.7613422176464449,0.0029142317972437742,0.7532510130375757,0.7694334222553142,0.76226,0.350620307131594,0.3250356181737046,0.3815958472680962,0.5780000000000001,0.39660808435852374,0.31137687143572657,false,0
parallel_universe_prompt,18,0.25,1247,5000,0.01,0.7669670520224354,0.002925384203710575,0.7588448833692203,0.7750892206756506,0.770834,0.061721780193490706,0.033604189722704896,0.08559494882554929,0.09699999999999998,0.07903846153846153,0.3546508167471333,false,0
parallel_universe_prompt,18,0.25,1247,5000,0.05,0.7669670520224354,0.002925384203710575,0.7588448833692203,0.7750892206756506,0.770834,0.14992194003577058,0.1260505713541015,0.17566418446853657,0.23233333333333328,0.17513944223107572,0.05554600924974251,false,0
parallel_universe_prompt,18,0.25,1247,5000,0.1,0.7669670520224354,0.002925384203710575,0.7588448833692203,0.7750892206756506,0.770834,0.2268345481616199,0.2053586450066724,0.2527272491094584,0.3471666666666666,0.26734463276836157,0.0015500638038932202,true,0
parallel_universe_prompt,18,0.25,1247,5000,0.2,0.7669670520224354,0.002925384203710575,0.7588448833692203,0.7750892206756506,0.770834,0.3572764763766541,0.32882393948304245,0.3870581160883423,0.5780000000000001,0.4058043875685558,0.03882485304457184,true,0
unhelpful,18,0.25,1247,5000,0.01,0.4157521423301757,0.008214277890644814,0.39294565068796045,0.438558633972391,0.142636,-0.019000000000000017,-0.019000000000000017,0.03999871584688525,-0.019000000000000017,0.0,0.9971422404565786,false,0
unhelpful,18,0.25,1247,5000,0.05,0.4157521423301757,0.008214277890644814,0.39294565068796045,0.438558633972391,0.142636,0.0017740000000000021,-0.012484000000000012,0.05018773343495933,0.007000000000000006,0.0,0.0003795377359814278,true,0
unhelpful,18,0.25,1247,5000,0.1,0.4157521423301757,0.008214277890644814,0.39294565068796045,0.438558633972391,0.142636,0.017457387499999994,-0.002842510400000004,0.06805551471585664,0.041000000000000036,0.0,0.09038254905727927,false,0
unhelpful,18,0.25,1247,5000,0.2,0.4157521423301757,0.008214277890644814,0.39294565068796045,0.438558633972391,0.142636,0.03450355662758294,0.011423776096491235,0.0968929488730241,0.08900000000000002,0.0,0.0,true,0
clone,19,0.25,1247,5000,0.01,0.7639261486297045,0.0026108675077473344,0.7566772183174995,0.7711750789419096,0.7619779999999999,0.07709396183491062,0.05589485295791825,0.10210443489796259,0.10933333333333328,0.072,0.7956678884377083,false,0
clone,19,0.25,1247,5000,0.05,0.7639261486297045,0.0026108675077473344,0.7566772183174995,0.7711750789419096,0.7619779999999999,0.17394169095637613,0.14718644815178938,0.20126603451140632,0.26049999999999995,0.16924603174603173,0.8740076052668062,false,0
clone,19,0.25,1247,5000,0.1,0.7639261486297045,0.0026108675077473344,0.7566772183174995,0.7711750789419096,0.7619779999999999,0.24855888661250736,0.22235029901868605,0.27660145127931257,0.38,0.2689667250437829,0.9733918118122734,false,0
clone,19,0.25,1247,5000,0.2,0.7639261486297045,0.0026108675077473344,0.7566772183174995,0.7711750789419096,0.7619779999999999,0.36940476918427,0.34194853619995685,0.3982638295739819,0.594,0.3763565891472868,0.8468247289501916,false,0
premium,19,0.25,1247,5000,0.01,0.767161743428025,0.0025680722916211216,0.7600316316841594,0.7742918551718906,0.76226,0.07677751490837412,0.05588294313025709,0.09676902407657396,0.10933333333333328,0.09015151515151514,0.9637284508170647,false,0
premium,19,0.25,1247,5000,0.05,0.767161743428025,0.0025680722916211216,0.7600316316841594,0.7742918551718906,0.76226,0.17231657816690066,0.1503120324972131,0.20024317677304493,0.26049999999999995,0.18,0.756736087501579,false,0
premium,19,0.25,1247,5000,0.1,0.767161743428025,0.0025680722916211216,0.7600316316841594,0.7742918551718906,0.76226,0.2490403120624301,0.2262058060383197,0.277258891339533,0.38,0.2567366412213741,0.7703260583036428,false,0
premium,19,0.25,1247,5000,0.2,0.767161743428025,0.0025680722916211216,0.7600316316841594,0.7742918551718906,0.76226,0.37212905144058783,0.34937600762535603,0.39954346652408873,0.594,0.39660808435852374,0.9559702781220107,false,0
parallel_universe_prompt,19,0.25,1247,5000,0.01,0.7736626229262256,0.0025567902484681516,0.7665638351558487,0.7807614106966024,0.770834,0.0770898307126145,0.0544857630698831,0.09941405084362853,0.10933333333333328,0.07903846153846153,0.9927407268718385,false,0
parallel_universe_prompt,19,0.25,1247,5000,0.05,0.7736626229262256,0.0025567902484681516,0.7665638351558487,0.7807614106966024,0.770834,0.17723228658136037,0.1536180845379743,0.2036615356051013,0.26049999999999995,0.17513944223107572,0.9835404261255258,false,0
parallel_universe_prompt,19,0.25,1247,5000,0.1,0.7736626229262256,0.0025567902484681516,0.7665638351558487,0.7807614106966024,0.770834,0.2558643569568978,0.23221035025996423,0.28485573279881105,0.40766666666666673,0.26734463276836157,0.7632445247359494,false,0
parallel_universe_prompt,19,0.25,1247,5000,0.2,0.7736626229262256,0.0025567902484681516,0.7665638351558487,0.7807614106966024,0.770834,0.380771805581733,0.3489217058797981,0.406435658984331,0.594,0.4058043875685558,0.8367578081050839,false,0
unhelpful,19,0.25,1247,5000,0.01,0.3362381456381065,0.02706041083503811,0.2611064004305236,0.4113698908456894,0.142636,-0.005333333333333301,-0.022689999999999988,0.07496498192033685,-0.005333333333333301,0.0,0.997331748234869,false,0
unhelpful,19,0.25,1247,5000,0.05,0.3362381456381065,0.02706041083503811,0.2611064004305236,0.4113698908456894,0.142636,0.010845666666666663,-0.008279142533936657,0.07348194558170287,0.03516666666666668,0.0,1.2859088660555074e-7,true,0
unhelpful,19,0.25,1247,5000,0.1,0.3362381456381065,0.02706041083503811,0.2611064004305236,0.4113698908456894,0.142636,0.028101000000000015,-0.0009111517333333326,0.09985391036705024,0.04800000000000004,0.0,0.00006894354394293423,true,0
unhelpful,19,0.25,1247,5000,0.2,0.3362381456381065,0.02706041083503811,0.2611064004305236,0.4113698908456894,0.142636,0.05671315482371307,0.021807488549617043,0.11914013903226867,0.09050000000000002,0.0,0.0,true,0
